Name ,Date,Time
20AD008,19-06-2022,16-23-15
20AD008,19-06-2022,16-23-16
20AD008,19-06-2022,16-23-20
20AD008,19-06-2022,16-23-21
20AD008,19-06-2022,16-23-22
20AD003,19-06-2022,16-25-40
20AD003,19-06-2022,16-25-41
20AD003,19-06-2022,16-26-41
20AD003,19-06-2022,16-26-42
20AD008,20-06-2022,08-48-26
20AD008,20-06-2022,08-48-50
20AD008,20-06-2022,08-53-26
20AD008,20-06-2022,08-59-26
20AD008,20-06-2022,09-23-13
20AD008,20-06-2022,09-16-13
20AD008,20-06-2022,09-28-14
20AD008,20-06-2022,09-37-23
20AD003,20-06-2022,09-39-28
20AD003,20-06-2022,09-54-45
20AD003,20-06-2022,09-42-18
20AD003,20-06-2022,09-42-19
20AD003,20-07-2022,00-25-30
20AD008,20-07-2022,00-41-07
20AD008,20-07-2022,00-41-07
20AD008,20-07-2022,00-41-07
20AD008,20-07-2022,00-41-07
20AD008,20-07-2022,00-41-07
20AD008,20-07-2022,00-41-07
20AD008,20-07-2022,00-41-07
20AD008,20-07-2022,00-41-07
20AD008,20-07-2022,00-41-07
20AD008,20-07-2022,00-41-07
20AD008,20-07-2022,00-41-07
20AD008,20-07-2022,00-41-07
20AD008,20-07-2022,00-41-07
20AD008,20-07-2022,00-41-07
20AD008,20-07-2022,00-41-07
20AD008,20-07-2022,00-41-07
20AD008,20-07-2022,00-41-07
20AD008,20-07-2022,00-41-07
20AD008,20-07-2022,00-41-07
20AD008,20-07-2022,00-41-07
20AD008,20-07-2022,00-41-07
20AD008,20-07-2022,00-41-07
20AD008,20-07-2022,00-41-07
20AD008,20-07-2022,00-41-07
20AD008,20-07-2022,00-41-07
20AD008,20-07-2022,00-56-56
20AD008,20-07-2022,00-56-56
20AD008,20-07-2022,00-56-56
20AD008,20-07-2022,00-56-56
20AD008,20-07-2022,00-56-56
20AD008,20-07-2022,00-56-56
20AD008,20-07-2022,00-56-56
20AD008,20-07-2022,00-56-56
20AD008,20-07-2022,00-56-56
20AD008,20-07-2022,00-56-56
20AD008,20-07-2022,00-56-56
20AD008,20-07-2022,00-56-56
20AD008,20-07-2022,00-56-56
20AD008,20-07-2022,00-56-56
20AD008,20-07-2022,00-56-56
20AD008,20-07-2022,00-56-56
20AD008,20-07-2022,00-56-56
20AD008,20-07-2022,00-56-56
20AD008,20-07-2022,00-56-56
20AD008,20-07-2022,00-56-56
20AD008,20-07-2022,00-56-56
20AD008,20-07-2022,00-56-56
20AD008,20-07-2022,00-56-56
20AD008,20-07-2022,00-56-56
20AD008,20-07-2022,00-56-56
20AD008,20-07-2022,00-56-56
20AD008,20-07-2022,00-56-56
20AD008,20-07-2022,00-56-56
20AD008,20-07-2022,00-56-56
20AD008,20-07-2022,00-56-56
20AD008,20-07-2022,00-56-56
20AD008,20-07-2022,00-56-56
20AD008,20-07-2022,00-56-56
20AD008,20-07-2022,00-56-56
20AD008,20-07-2022,00-56-56
20AD008,20-07-2022,00-56-56
20AD008,20-07-2022,00-56-56
20AD008,20-07-2022,00-56-56
20AD008,20-07-2022,00-56-56
20AD008,20-07-2022,00-56-56
20AD008,20-07-2022,00-56-56
20AD008,20-07-2022,00-56-56
20AD008,20-07-2022,00-56-56
20AD008,20-07-2022,00-56-56
20AD008,20-07-2022,00-56-56
20AD008,20-07-2022,00-56-56
20AD008,20-07-2022,00-56-56
20AD008,20-07-2022,00-56-56
20AD008,20-07-2022,00-56-56
20AD008,20-07-2022,00-56-56
20AD008,20-07-2022,00-56-56
20AD008,20-07-2022,00-56-56
20AD008,20-07-2022,00-56-56
20AD008,20-07-2022,08-32-41
20AD008,20-07-2022,08-32-41
20AD008,20-07-2022,08-32-41
20AD008,20-07-2022,08-32-41
20AD008,20-07-2022,08-32-41
20AD008,20-07-2022,08-32-41
20AD008,20-07-2022,08-32-41
20AD008,20-07-2022,08-32-41
20AD008,20-07-2022,08-32-41
20AD008,20-07-2022,08-32-41
20AD003,20-07-2022,08-32-41
20AD003,20-07-2022,08-32-41
20AD008,20-07-2022,08-32-41
20AD003,20-07-2022,08-32-41
20AD008,20-07-2022,08-32-41
20AD008,20-07-2022,08-32-41
20AD008,20-07-2022,08-32-41
20AD008,20-07-2022,08-32-41
20AD008,20-07-2022,08-32-41
20AD008,20-07-2022,08-32-41
20AD008,20-07-2022,08-32-41
20AD008,20-07-2022,08-32-41
20AD008,20-07-2022,08-32-41
20AD008,20-07-2022,08-32-41
20AD008,20-07-2022,08-32-41
20AD008,20-07-2022,08-32-41
20AD008,20-07-2022,15-10-59
20AD008,20-07-2022,15-10-59
20AD008,20-07-2022,15-10-59
20AD008,20-07-2022,15-10-59
20AD008,20-07-2022,15-10-59
20AD008,20-07-2022,15-20-08
20AD008,20-07-2022,15-20-08
20AD008,20-07-2022,15-26-20
20AD054,20-07-2022,15-23-20
20AD054,20-07-2022,15-23-20
20AD054,20-07-2022,15-23-20
20AD008,20-07-2022,15-32-43
20AD008,20-07-2022,15-41-59
20AD054,20-07-2022,15-41-59
20AD008,20-07-2022,15-47-00
20AD008,20-07-2022,23-12-20
20AD008,20-07-2022,23-31-53
20AD008,21-07-2022,00-05-43
20AD054,21-07-2022,00-15-06
20AD003,21-07-2022,08-34-25
20AD008,21-07-2022,15-37-08
20AD008,21-07-2022,16-35-53
20AD054,21-07-2022,16-40-27
20AD008,21-07-2022,16-40-54
20AD008,22-07-2022,03-01-40
20AD008,22-07-2022,03-48-29
20AD003,22-07-2022,03-48-48
20AD008,22-07-2022,13-56-03
20AD003,22-07-2022,13-56-16
20AD008,24-07-2022,13-51-35
20AD008,24-07-2022,13-56-38
20AD008,24-07-2022,14-01-39
20AD008,24-07-2022,14-06-40
20AD008,24-07-2022,14-11-42
20AD008,25-07-2022,08-34-30
20AD008,25-07-2022,09-03-19
20AD008,25-07-2022,09-32-40
20AD008,26-07-2022,06-43-22
20AD054,26-07-2022,06-49-07
20AD008,26-07-2022,07-07-19
20AD003,26-07-2022,07-08-31
20AD008,26-07-2022,07-14-46
20AD003,26-07-2022,07-15-30
20AD008,26-07-2022,07-20-18
20AD008,26-07-2022,07-25-20
20AD008,26-07-2022,07-57-16
20AD003,26-07-2022,08-02-19
20AD008,26-07-2022,08-03-05
20AD008,26-07-2022,08-23-48
20AD008,26-07-2022,08-52-21
20AD008,26-07-2022,08-59-11
20AD008,26-07-2022,09-04-14
20AD008,26-07-2022,09-09-18
20AD008,26-07-2022,09-14-30
20AD008,26-07-2022,09-19-32
20AD008,26-07-2022,09-48-25
20AD008,04-08-2022,20-49-04
20AD008,04-08-2022,20-56-25
20AD003,08-08-2022,05-10-35
20AD008,08-08-2022,05-10-38
20AD054,08-08-2022,05-11-21
20AD008,08-08-2022,05-54-40
20AD008,08-08-2022,06-07-42
20AD008,10-08-2022,03-57-06
20AD003,10-08-2022,03-57-29
20AD008,10-08-2022,04-29-07
20AD008,10-08-2022,05-00-14
20AD008,10-08-2022,05-05-21
20AD054,10-08-2022,05-06-54
20AD008,10-08-2022,05-10-25
20AD008,10-08-2022,05-15-59
20AD008,10-08-2022,05-22-02
20AD003,10-08-2022,05-24-18
20AD008,10-08-2022,05-30-27
20AD008,10-08-2022,05-35-59
20AD054,10-08-2022,05-36-16
20AD003,10-08-2022,05-39-51
20AD008,10-08-2022,05-41-06
20AD008,10-08-2022,05-46-09
20AD003,10-08-2022,05-46-33
20AD008,10-08-2022,05-51-11
20AD003,10-08-2022,05-51-44
20AD008,10-08-2022,06-02-20
20AD008,10-08-2022,06-07-42
20AD008,10-08-2022,06-12-59
20AD008,10-08-2022,06-18-01
20AD008,10-08-2022,06-24-20
20AD008,10-08-2022,06-52-11
20AD008,12-08-2022,06-02-18
20AD008,12-08-2022,06-07-30
20AD008,12-08-2022,10-47-46
20AD008,12-08-2022,10-52-49
20AD008,12-08-2022,10-58-14
20AD008,13-08-2022,04-25-10
20AD008,13-08-2022,04-43-59
20AD008,13-08-2022,04-49-01
20AD008,13-08-2022,05-08-42
20AD008,13-08-2022,06-44-12
20AD008,13-08-2022,06-54-18
20AD008,13-08-2022,07-00-59
20AD008,13-08-2022,07-06-01
20AD008,13-08-2022,07-11-02
20AD008,13-08-2022,07-16-27
20AD008,13-08-2022,07-21-28
20AD008,13-08-2022,07-27-21
20AD054,13-08-2022,07-27-50
20AD008,13-08-2022,07-32-57
20AD008,13-08-2022,07-38-01
20AD008,13-08-2022,07-43-59
20AD008,13-08-2022,08-38-51
20AD008,13-08-2022,08-43-56
20AD008,14-08-2022,04-40-36
20AD008,14-08-2022,05-10-01
20AD008,14-08-2022,06-12-01
20AD008,13-10-2022,09-41-34
20AD003,13-10-2022,09-41-46
20AD008,20-10-2022,09-31-56
20AD008,20-10-2022,09-50-32
20AD008,28-10-2022,05-20-00
20AD008,28-10-2022,05-44-53
